[
  {
    "id": "5876da03-3e6e-4d58-8eeb-b7eac8bb72f9",
    "data": [
      {
        "text": "long time no see",
        "userDefined": false
      }
    ],
    "isTemplate": false,
    "count": 0,
    "updated": 1534444880
  },
  {
    "id": "8e4ef08e-7531-4711-b4ce-ed957aed9389",
    "data": [
      {
        "text": "heya",
        "userDefined": false
      }
    ],
    "isTemplate": false,
    "count": 0,
    "updated": 1534444880
  },
  {
    "id": "7a44a774-92c3-4973-8300-93424f0b0131",
    "data": [
      {
        "text": "hello hi",
        "userDefined": false
      }
    ],
    "isTemplate": false,
    "count": 0,
    "updated": 1534444880
  },
  {
    "id": "202d6e4e-1cc9-463d-915b-2facd63a1f60",
    "data": [
      {
        "text": "greetings",
        "userDefined": false
      }
    ],
    "isTemplate": false,
    "count": 0,
    "updated": 1534444880
  },
  {
    "id": "bec4843c-2c40-47ab-b91a-0b1775f74e99",
    "data": [
      {
        "text": "hello",
        "userDefined": false
      }
    ],
    "isTemplate": false,
    "count": 0,
    "updated": 1534444880
  },
  {
    "id": "c123872e-a72c-48aa-8620-698550efa676",
    "data": [
      {
        "text": "just going to say hi",
        "userDefined": false
      }
    ],
    "isTemplate": false,
    "count": 0,
    "updated": 1534444880
  },
  {
    "id": "42ac9424-6721-49bb-bad6-2f88a78ce35b",
    "data": [
      {
        "text": "a good day",
        "userDefined": false
      }
    ],
    "isTemplate": false,
    "count": 0,
    "updated": 1534444880
  },
  {
    "id": "42dfb1b3-a61c-4f5d-9b8d-e738dc818efb",
    "data": [
      {
        "text": "howdy",
        "userDefined": false
      }
    ],
    "isTemplate": false,
    "count": 0,
    "updated": 1534444880
  },
  {
    "id": "42ccfa1f-01a0-4263-84ec-8a4dab056764",
    "data": [
      {
        "text": "hey there",
        "userDefined": false
      }
    ],
    "isTemplate": false,
    "count": 0,
    "updated": 1534444880
  },
  {
    "id": "6051cc99-2e27-48db-8417-ed309274147d",
    "data": [
      {
        "text": "hi there",
        "userDefined": false
      }
    ],
    "isTemplate": false,
    "count": 1,
    "updated": 1534444880
  },
  {
    "id": "8ce8599c-437b-4f56-b0b7-e9e7def99d28",
    "data": [
      {
        "text": "I greet you",
        "userDefined": false
      }
    ],
    "isTemplate": false,
    "count": 0,
    "updated": 1534444880
  },
  {
    "id": "d3d52ab4-1477-4949-8b0f-dbcfce759475",
    "data": [
      {
        "text": "hello there",
        "userDefined": false
      }
    ],
    "isTemplate": false,
    "count": 0,
    "updated": 1534444880
  },
  {
    "id": "239a4895-7447-4c35-ba93-024db07b5ba2",
    "data": [
      {
        "text": "lovely day isn\u0027t it",
        "userDefined": false
      }
    ],
    "isTemplate": false,
    "count": 0,
    "updated": 1534444880
  },
  {
    "id": "ac9e3d3a-3d77-41a0-b642-3b52623d8a2c",
    "data": [
      {
        "text": "hello again",
        "userDefined": false
      }
    ],
    "isTemplate": false,
    "count": 0,
    "updated": 1534444880
  },
  {
    "id": "939f839a-5c5a-4c9c-8d16-38d856f7aa81",
    "data": [
      {
        "text": "hi",
        "userDefined": false
      }
    ],
    "isTemplate": false,
    "count": 0,
    "updated": 1534444880
  },
  {
    "id": "1cfca375-0c10-4f22-bba9-199370db2602",
    "data": [
      {
        "text": "hey",
        "userDefined": false
      }
    ],
    "isTemplate": false,
    "count": 0,
    "updated": 1534444880
  }
]